cluster_id,center_latitude,center_longitude,crime_count,dominant_crime_type,average_severity,raw_score,sample_area,risk_score,risk_level
H-0000,41.851196,-87.658887,90569,THEFT,3.05,276248.0,11,100.0,red
H-0001,41.782031,-87.695009,3331,BATTERY,3.06,10190.0,8,3.67,green
H-0002,41.694041,-87.621299,2317,BATTERY,3.09,7149.0,5,2.57,green
H-0010,41.859627,-87.665597,2091,THEFT,3.01,6301.0,12,2.26,green
H-0009,41.961951,-87.716648,1820,THEFT,2.99,5446.0,17,1.95,green
H-0006,41.928202,-87.704969,944,THEFT,2.99,2827.0,14,1.0,green
H-0003,41.996199,-87.685869,624,THEFT,2.99,1865.0,24,0.65,green
H-0011,41.656182,-87.602044,510,BATTERY,3.14,1600.0,5,0.56,green
H-0014,41.723407,-87.628332,485,BATTERY,3.08,1494.0,6,0.52,green
H-0021,41.996105,-87.699664,382,THEFT,3.05,1165.0,24,0.4,green
H-0036,41.673783,-87.634989,381,BATTERY,3.04,1157.0,5,0.4,green
H-0024,41.804098,-87.723226,399,THEFT,2.93,1168.0,8,0.4,green
H-0012,41.922387,-87.735603,374,BATTERY,3.05,1142.0,25,0.39,green
H-0015,41.713632,-87.642958,355,MOTOR VEHICLE THEFT,3.04,1078.0,22,0.37,green
H-0005,41.835423,-87.646885,346,THEFT,3.02,1045.0,9,0.36,green
H-0008,41.979124,-87.692311,345,THEFT,3.05,1052.0,20,0.36,green
H-0026,41.795059,-87.631398,332,THEFT,3.08,1023.0,2,0.35,green
H-0017,41.681962,-87.642676,323,BATTERY,3.07,991.0,5,0.34,green
H-0054,41.734687,-87.586083,315,THEFT,3.08,971.0,4,0.33,green
H-0041,41.931254,-87.6832,322,THEFT,2.98,961.0,14,0.33,green
H-0039,41.807507,-87.684594,288,THEFT,3.09,891.0,9,0.3,green
H-0048,41.926142,-87.78485,279,THEFT,3.0,838.0,25,0.28,green
H-0025,41.967054,-87.688641,261,THEFT,2.9,757.0,19,0.25,green
H-0016,41.723196,-87.616652,253,MOTOR VEHICLE THEFT,2.92,738.0,6,0.25,green
H-0037,41.979722,-87.668745,237,THEFT,2.95,699.0,20,0.23,green
H-0020,42.014599,-87.690479,232,THEFT,3.0,695.0,24,0.23,green
H-0023,41.941117,-87.668824,222,THEFT,2.95,654.0,19,0.21,green
H-0018,41.976549,-87.905027,203,THEFT,2.92,592.0,16,0.19,green
H-0051,41.690164,-87.66626,184,THEFT,3.01,554.0,22,0.18,green
H-0066,41.818648,-87.691186,175,BATTERY,3.14,550.0,9,0.18,green
H-0065,41.680887,-87.661899,168,THEFT,3.1,521.0,22,0.17,green
H-0035,41.708284,-87.649407,180,MOTOR VEHICLE THEFT,2.94,529.0,22,0.17,green
H-0067,41.718204,-87.569155,176,CRIMINAL DAMAGE,3.03,533.0,4,0.17,green
H-0040,41.788968,-87.741301,192,THEFT,2.68,515.0,8,0.16,green
H-0004,41.721618,-87.576728,155,BATTERY,3.1,481.0,4,0.15,green
H-0019,41.754479,-87.741474,151,THEFT,2.99,452.0,8,0.14,green
H-0031,41.810956,-87.694879,141,BATTERY,3.13,441.0,9,0.14,green
H-0022,41.655103,-87.615783,143,MOTOR VEHICLE THEFT,3.04,435.0,5,0.14,green
H-0013,41.969292,-87.762881,135,BATTERY,3.15,425.0,16,0.13,green
H-0062,41.968185,-87.69788,150,CRIMINAL DAMAGE,2.87,431.0,20,0.13,green
H-0087,41.983317,-87.711884,144,THEFT,2.98,429.0,17,0.13,green
H-0050,41.70231,-87.56379,145,BATTERY,2.97,431.0,4,0.13,green
H-0029,41.867536,-87.772792,119,BATTERY,3.34,397.0,15,0.12,green
H-0049,41.816047,-87.633251,122,BATTERY,3.21,392.0,9,0.12,green
H-0047,41.932111,-87.788588,123,THEFT,2.93,361.0,25,0.11,green
H-0063,41.924531,-87.666875,118,THEFT,3.04,359.0,18,0.11,green
H-0007,41.809909,-87.644562,119,THEFT,2.97,354.0,9,0.11,green
H-0034,41.718908,-87.536924,108,ASSAULT,3.08,333.0,4,0.1,green
H-0068,41.70229,-87.605739,106,BATTERY,3.17,336.0,5,0.1,green
H-0091,41.831906,-87.674388,107,THEFT,3.06,327.0,9,0.1,green
H-0073,41.835888,-87.666178,104,THEFT,3.21,334.0,9,0.1,green
H-0056,41.825229,-87.632698,106,BATTERY,3.24,343.0,9,0.1,green
H-0030,41.728017,-87.596186,114,MOTOR VEHICLE THEFT,2.89,329.0,4,0.1,green
H-0028,41.702945,-87.535539,115,THEFT,3.04,350.0,4,0.1,green
H-0059,41.9891,-87.665749,102,BATTERY,3.22,328.0,20,0.1,green
H-0058,41.976825,-87.901013,120,THEFT,2.85,342.0,16,0.1,green
H-0074,41.764478,-87.59643,95,BATTERY,3.14,298.0,3,0.09,green
H-0027,41.960414,-87.766588,104,THEFT,2.88,299.0,16,0.09,green
H-0038,41.693942,-87.642313,102,CRIMINAL DAMAGE,2.85,291.0,22,0.08,green
H-0061,41.913563,-87.701366,100,MOTOR VEHICLE THEFT,2.93,293.0,14,0.08,green
H-0052,41.779129,-87.674653,91,BATTERY,2.97,270.0,7,0.08,green
H-0043,41.975296,-87.697986,91,THEFT,2.98,271.0,20,0.08,green
H-0060,41.749958,-87.683007,84,BATTERY,3.19,268.0,8,0.07,green
H-0032,41.97487,-87.890349,87,THEFT,2.92,254.0,16,0.07,green
H-0079,41.945779,-87.767682,89,THEFT,2.9,258.0,16,0.07,green
H-0057,41.975437,-87.845674,84,THEFT,2.93,246.0,16,0.07,green
H-0086,41.978373,-87.838255,90,BATTERY,2.8,252.0,16,0.07,green
H-0082,41.684509,-87.629424,71,BATTERY,3.07,218.0,5,0.06,green
H-0069,41.822857,-87.699215,67,BATTERY,3.22,216.0,9,0.06,green
H-0055,41.947564,-87.702144,81,THEFT,2.78,225.0,17,0.06,green
H-0042,41.945982,-87.663896,77,THEFT,2.94,226.0,19,0.06,green
H-0044,41.979016,-87.906463,81,THEFT,2.65,215.0,16,0.06,green
H-0078,41.799485,-87.744082,69,THEFT,3.13,216.0,8,0.06,green
H-0090,41.727039,-87.568798,74,THEFT,3.22,238.0,4,0.06,green
H-0088,41.798358,-87.687244,75,BATTERY,3.08,231.0,9,0.06,green
H-0077,41.692972,-87.652023,74,MOTOR VEHICLE THEFT,3.08,228.0,22,0.06,green
H-0083,41.993368,-87.674294,79,THEFT,2.82,223.0,24,0.06,green
H-0045,41.777249,-87.771714,84,OTHER OFFENSE,2.62,220.0,8,0.06,green
H-0033,41.692455,-87.65695,72,CRIMINAL DAMAGE,2.89,208.0,22,0.05,green
H-0046,41.684735,-87.653227,72,CRIMINAL DAMAGE,2.94,212.0,5,0.05,green
H-0102,41.970904,-87.678213,62,THEFT,3.02,187.0,20,0.05,green
H-0099,41.785785,-87.724471,62,BATTERY,3.0,186.0,8,0.05,green
H-0070,41.944155,-87.735921,61,BATTERY,3.25,198.0,17,0.05,green
H-0053,41.707747,-87.580935,67,MOTOR VEHICLE THEFT,2.93,196.0,4,0.05,green
H-0089,41.711582,-87.53709,71,CRIMINAL DAMAGE,2.76,196.0,4,0.05,green
H-0085,41.794006,-87.734243,65,BATTERY,2.91,189.0,8,0.05,green
H-0081,41.696412,-87.595979,61,THEFT,3.08,188.0,5,0.05,green
H-0095,41.653402,-87.545471,69,BATTERY,2.97,205.0,4,0.05,green
H-0075,41.946278,-87.712993,62,THEFT,2.97,184.0,17,0.04,green
H-0064,41.994875,-87.881913,80,DECEPTIVE PRACTICE,2.29,183.0,16,0.04,green
H-0096,41.943807,-87.756778,60,BATTERY,2.98,179.0,16,0.04,green
H-0076,41.989598,-87.670457,56,THEFT,2.88,161.0,20,0.04,green
H-0103,41.728052,-87.649758,61,MOTOR VEHICLE THEFT,2.84,173.0,22,0.04,green
H-0097,41.933671,-87.736912,51,BATTERY,3.08,157.0,25,0.03,green
H-0072,41.829441,-87.627071,50,THEFT,3.08,154.0,2,0.03,green
H-0084,41.930837,-87.69762,51,THEFT,2.96,151.0,14,0.03,green
H-0093,41.843024,-87.63328,46,THEFT,2.98,137.0,9,0.03,green
H-0098,41.791239,-87.605915,40,MOTOR VEHICLE THEFT,3.33,133.0,2,0.03,green
H-0094,41.705197,-87.601385,47,BATTERY,3.17,149.0,5,0.03,green
H-0101,41.798889,-87.691108,44,WEAPONS VIOLATION,2.89,127.0,9,0.02,green
H-0092,41.688637,-87.649481,44,CRIMINAL DAMAGE,2.77,122.0,22,0.02,green
H-0071,41.727057,-87.59946,31,BATTERY,3.0,93.0,4,0.01,green
H-0080,41.971439,-87.667843,19,THEFT,3.21,61.0,20,0.0,green
H-0100,41.940619,-87.663342,24,THEFT,2.83,68.0,19,0.0,green
